{"iter": 75500, "train/loss": 2.670650005340576, "val/loss": 2.666853666305542, "lr": 0.0001, "mfu": 0.33923062980337965, "_timestamp": 1717910222.0228965, "_runtime": 126300.58044862747, "_step": 302}