{"iter": 2750, "train/loss": 0.9165441989898682, "val/loss": 1.5148407220840454, "lr": 0.0004924552772419723, "mfu": 0.6230829319960363, "_timestamp": 1718028293.1396213, "_runtime": 2503.266815185547, "_step": 11}