{"iter": 29000, "train/loss": 0.9510806202888489, "val/loss": 1.4797433614730835, "lr": 0.0001, "mfu": 0.3385250184269997, "_timestamp": 1717910155.8434157, "_runtime": 46251.84336185455, "_step": 116}