{"iter": 250, "train/loss": 2.5747716426849365, "val/loss": 2.5681450366973877, "lr": 0.0009979206008271391, "mfu": 0.33870439626507803, "_timestamp": 1717783614.1238925, "_runtime": 535.8031885623932, "_step": 1, "_wandb": {"runtime": 827}}