{"iter": 8250, "train/loss": 1.045119047164917, "val/loss": 1.4664132595062256, "lr": 0.0001, "mfu": 0.2224461560940868, "_timestamp": 1717811108.0288815, "_runtime": 19934.084861516953, "_step": 33}