{"iter": 0, "train/loss": 4.287382125854492, "val/loss": 4.282287120819092, "lr": 0.0, "mfu": -100.0, "_timestamp": 1717782782.9184124, "_runtime": 73.96474647521973, "_step": 0, "_wandb": {"runtime": 229}}