{"iter": 250, "train/loss": 1.9622035026550293, "val/loss": 2.065703868865967, "lr": 0.0009979206008271391, "mfu": 0.9022593873171917, "_timestamp": 1718025574.393822, "_runtime": 216.76244807243347, "_step": 1, "_wandb": {"runtime": 368}}