{"iter": 250, "train/loss": 1.9622035026550293, "val/loss": 2.065703868865967, "lr": 0.0009979206008271391, "mfu": 0.656501649867933, "_timestamp": 1718025727.09933, "_runtime": 299.18842697143555, "_step": 1, "_wandb": {"runtime": 300}}