{"iter": 500, "train/loss": 1.5232559442520142, "val/loss": 1.7233771085739136, "lr": 0.0009852826883675631, "mfu": 0.3398274188197756, "_timestamp": 1717783815.8219872, "_runtime": 830.7135002613068, "_step": 2, "_wandb": {"runtime": 923}}