{"iter": 45750, "train/loss": 0.0956997200846672, "val/loss": 2.871598720550537, "lr": 0.0001, "mfu": 0.33712445835590976, "_timestamp": 1717863605.5365467, "_runtime": 79666.47820973396, "_step": 183, "_wandb": {"runtime": 79949}}