{"iter": 2500, "train/loss": 1.4739630222320557, "val/loss": 1.6914913654327393, "lr": 0.000564423209907245, "mfu": 0.6192447076951831, "_timestamp": 1718028204.7448127, "_runtime": 2352.170602798462, "_step": 10}